,model_type,capital-common-countries,capital-world,currency,city-in-state,family,gram1-adjective-to-adverb,gram2-opposite,gram3-comparative,gram4-superlative,gram5-present-participle,gram6-nationality-adjective,gram7-past-tense,gram8-plural,gram9-plural-verbs,all
0,glove,53.16205533596838,44.09814323607427,11.316397228637413,25.010133765707337,49.01185770750988,5.443548387096774,11.206896551724139,37.687687687687685,49.554367201426025,9.753787878787879,81.23827392120076,15.064102564102564,17.56756756756757,22.873563218390807,33.25828898894802
1,w2v,35.37549407114625,20.424403183023873,7.390300230946882,7.90433725172274,34.980237154150196,1.7137096774193548,1.8472906403940887,37.61261261261261,20.855614973262032,6.0606060606060606,75.73483427141964,10.32051282051282,5.03003003003003,15.632183908045977,20.18522308636922
2,fasttext,44.86166007905138,29.73032714412025,3.0023094688221708,16.092419943250913,25.296442687747035,11.59274193548387,13.793103448275861,43.84384384384384,52.406417112299465,25.189393939393938,74.04627892432771,21.474358974358974,28.303303303303302,39.08045977011494,30.822758902988127
