,model,data,oov_test,accuracy_test,oov_valid,accuracy_valid,accuracy
0,fasttext,sat,0,0.4629080118694362,0,0.5405405405405406,0.47058823529411764
1,fasttext,u2,0,0.3815789473684211,0,0.2916666666666667,0.373015873015873
2,fasttext,u4,0,0.38425925925925924,0,0.3958333333333333,0.3854166666666667
3,fasttext,google,0,0.948,0,0.94,0.9472727272727273
4,fasttext,bats,0,0.7148415786548082,0,0.7437185929648241,0.7177177177177178
