,model_type,accuracy
0,fasttext,0.8526250516742455
1,fasttext_wiki,0.8710869342091758
2,glove,0.7682115764314663
3,w2v,0.7401448525607863
